title,agency,text
Analysis | The top cyber risks to watch out for in 2023,The Washington Post,6 hours ago
"Kimmel Center, Philadelphia Orchestra websites hit by cyber attack",The Philadelphia Inquirer,2 days ago
"‘Assault On Taiwan Has Begun’: US Links Taiwan To Ukraine, Says US Cyber Forces Must Be Ready For War With China",EurAsian Times,1 day ago
Technion University hacked; Cyber authority trying to assist,Jerusalem Post,1 day ago
3 Overlooked Cybersecurity Breaches,The Hacker News,3 days ago
Reddit cyber attack: Security upgrade warning for users after 'sophisticated' scam targets forum's staff,Sky News,3 days ago
"Indigo offers fresh details on cyberattack on bookstore's website, payment system",CTV News,3 days ago
SecurityWeek Publishes Cyber Insights 2023 Series,Yahoo Finance,9 hours ago
US Blacklists 6 Chinese Entities Over Balloon Program,SecurityWeek,2 days ago
Several NATO websites hit by cyber attack,Mehr News Agency,12 hours ago
The Majority of Business Cyber Security Decisions are Made ...,PR Newswire,16 hours ago
Mandiant: 79 Percent Of Cybersecurity Decisions Ignore ...,CRN,16 hours ago
Companies often operate in dark with little applied threat ...,Cybersecurity Dive,5 hours ago
"Accenture Acquires Morphus, Brazil-Based Cybersecurity ...",Newsroom | Accenture,2 hours ago
Chinese Tonto Team Hackers' Second Attempt to Target ...,The Hacker News,13 hours ago
"Philadelphia Orchestra, Kimmel Center ticketing systems remain hampered after cyber attack",The Philadelphia Inquirer,8 mins ago
Seven Russians sanctioned over ransomware cyber-crime,BBC,4 days ago
Several NATO websites suffer a cyber attack,MSN,21 hours ago
Cyber insurance is an important tool – Does your institution ...,Rochester Business Journal,9 hours ago
Israel Securities Authority: Cyber threats have become a significant ris,Jerusalem Post,5 hours ago
Liberty Mutual launches cyber office and makes new ...,Reinsurance News,10 hours ago
"Did Zurich CEO jump the gun on ""uninsurable"" cyber?",Insurance Business America,9 hours ago
What to expect from the upcoming national cyber strategy,SC Magazine,46 mins ago
Rapid7 and USF Partner to Establish the Rapid7 Cyber Threat Intelligence Lab,Yahoo Finance,7 hours ago
NeuShield Establishes Leadership in Rapid Data Recovery ...,EIN News,5 hours ago
U.K. and Italy to Deepen Cooperation in Space and Cyber ...,Homeland Security Today,7 hours ago
VMware ransomware was on the rise leading up to ESXiArgs ...,Cybersecurity Dive,5 hours ago
IDF Unit 8200 commander reveals cyber use to target Hamas commander,Jerusalem Post,6 hours ago
Indigo Books still recovering from cyber attack,IT World Canada,6 hours ago
JD Sports says 10 million customers hit by cyber-attack,BBC,2 weeks ago
